epoch,time,train/box_loss,train/cls_loss,train/dfl_loss,metrics/precision(B),metrics/recall(B),metrics/mAP50(B),metrics/mAP50-95(B),val/box_loss,val/cls_loss,val/dfl_loss,lr/pg0,lr/pg1,lr/pg2
1,24.5884,1.45411,2.34735,1.76108,0.30168,0.33333,0.25557,0.09079,1.94824,2.61497,2.18365,2.2e-05,2.2e-05,0.078022
2,48.9181,1.19531,1.08484,1.5005,0.80148,0.7342,0.8043,0.44021,1.21378,1.22768,1.56322,4.4989e-05,4.4989e-05,0.055045
3,78.8912,1.10815,0.95697,1.3973,0.89975,0.81594,0.87838,0.55303,0.98212,0.96654,1.39641,6.79336e-05,6.79336e-05,0.0320679
4,108.842,1.11924,0.92459,1.41779,0.80892,0.81818,0.7972,0.50594,1.12754,0.98377,1.52885,9.08001e-05,9.08001e-05,0.0090908
5,137.415,1.12002,0.91712,1.43605,0.87077,0.81677,0.88221,0.57744,1.23002,0.82155,1.53173,9.96097e-05,9.96097e-05,9.96097e-05
6,172.657,1.0214,0.81435,1.33852,0.92056,0.78788,0.86339,0.62457,1.00413,0.65801,1.45121,9.93906e-05,9.93906e-05,9.93906e-05
7,240.138,0.97809,0.77289,1.32366,0.87646,0.90909,0.90016,0.62012,0.86104,0.80462,1.35668,9.91232e-05,9.91232e-05,9.91232e-05
8,268.74,0.99625,0.71166,1.33905,0.87599,0.85638,0.88528,0.6323,0.99956,0.67404,1.34086,9.88079e-05,9.88079e-05,9.88079e-05
9,303.3,0.94737,0.67663,1.29128,0.87658,0.86116,0.90057,0.70501,0.77407,0.66175,1.22349,9.84449e-05,9.84449e-05,9.84449e-05
10,374.258,0.92154,0.65511,1.29943,0.89752,0.7964,0.86162,0.66057,0.90437,0.69639,1.34869,9.80345e-05,9.80345e-05,9.80345e-05
11,403.925,0.91555,0.6277,1.28608,0.87423,0.84273,0.86804,0.64394,0.79946,0.73862,1.33401,9.75773e-05,9.75773e-05,9.75773e-05
12,432.798,0.89795,0.63283,1.27446,0.82047,0.83116,0.87253,0.65507,0.86205,0.67016,1.35543,9.70736e-05,9.70736e-05,9.70736e-05
13,483.32,0.85744,0.55801,1.22823,0.82553,0.78788,0.84955,0.62865,0.81177,0.85757,1.3535,9.65239e-05,9.65239e-05,9.65239e-05
14,512.556,0.85091,0.56956,1.23118,0.81462,0.81818,0.8717,0.6489,0.88949,0.78387,1.41096,9.59289e-05,9.59289e-05,9.59289e-05
15,543.075,0.88359,0.56844,1.24537,0.7996,0.84642,0.86789,0.63396,0.83764,0.70166,1.40567,9.52889e-05,9.52889e-05,9.52889e-05
16,571.917,0.84469,0.55331,1.20879,0.85571,0.78788,0.84955,0.61909,0.9009,0.7449,1.42991,9.46048e-05,9.46048e-05,9.46048e-05
17,602.665,0.80953,0.55457,1.20794,0.84084,0.72727,0.81995,0.61308,0.95242,0.87725,1.50486,9.38772e-05,9.38772e-05,9.38772e-05
18,633.39,0.82685,0.55085,1.21205,0.71083,0.84848,0.82472,0.62605,0.87457,0.76977,1.38044,9.31067e-05,9.31067e-05,9.31067e-05
19,663.967,0.78708,0.50838,1.16521,0.89069,0.74104,0.84576,0.65821,0.8198,0.73563,1.32087,9.22942e-05,9.22942e-05,9.22942e-05
20,692.261,0.80015,0.52116,1.18881,0.9141,0.75758,0.86703,0.66434,0.83621,0.66171,1.36429,9.14405e-05,9.14405e-05,9.14405e-05
21,721.592,0.75514,0.50266,1.14452,0.96127,0.69697,0.88057,0.6596,0.89871,0.65383,1.47116,9.05463e-05,9.05463e-05,9.05463e-05
22,784.565,0.78762,0.49767,1.17069,0.91956,0.72727,0.87097,0.66793,0.81565,0.68452,1.38161,8.96127e-05,8.96127e-05,8.96127e-05
23,817.093,0.73629,0.47851,1.13532,0.84387,0.84848,0.91458,0.68373,0.76803,0.66111,1.29063,8.86404e-05,8.86404e-05,8.86404e-05
24,844.933,0.74853,0.48148,1.1725,0.85216,0.87345,0.92352,0.71324,0.80098,0.61436,1.35272,8.76305e-05,8.76305e-05,8.76305e-05
25,907.462,0.72596,0.47642,1.14614,0.91298,0.75758,0.86784,0.65627,0.86373,0.644,1.37641,8.65839e-05,8.65839e-05,8.65839e-05
26,937.541,0.75057,0.48494,1.14379,0.92732,0.7736,0.89431,0.66815,0.88275,0.66298,1.41369,8.55018e-05,8.55018e-05,8.55018e-05
27,967.189,0.74364,0.47728,1.1477,0.92338,0.73053,0.8468,0.64995,0.97795,0.72557,1.58839,8.43851e-05,8.43851e-05,8.43851e-05
28,995.867,0.70124,0.44575,1.1282,0.8886,0.72521,0.83755,0.64158,0.91526,0.66035,1.49785,8.32349e-05,8.32349e-05,8.32349e-05
29,1027.33,0.68607,0.42107,1.10498,0.89361,0.78788,0.86813,0.62601,0.98505,0.71289,1.60617,8.20525e-05,8.20525e-05,8.20525e-05
30,1057.24,0.68631,0.41658,1.10619,0.89612,0.7843,0.84363,0.6439,0.96295,0.70087,1.61536,8.08389e-05,8.08389e-05,8.08389e-05
31,1088.1,0.69291,0.43015,1.10751,0.85188,0.87156,0.868,0.65721,0.88474,0.66036,1.50068,7.95954e-05,7.95954e-05,7.95954e-05
32,1116.56,0.67866,0.43155,1.0975,0.8745,0.84472,0.89139,0.63845,0.90843,0.72045,1.47767,7.83231e-05,7.83231e-05,7.83231e-05
33,1177.91,0.65434,0.42523,1.08322,0.87676,0.75758,0.88066,0.63361,0.97069,0.75989,1.50034,7.70234e-05,7.70234e-05,7.70234e-05
34,1209.16,0.63618,0.4044,1.07228,0.90233,0.75758,0.88828,0.65117,0.97135,0.71739,1.5479,7.56976e-05,7.56976e-05,7.56976e-05
35,1237.52,0.64554,0.40356,1.08839,0.87746,0.75758,0.86296,0.64863,0.94008,0.6865,1.54269,7.43468e-05,7.43468e-05,7.43468e-05
36,1263.9,0.65494,0.40959,1.09101,0.8558,0.78788,0.841,0.61738,0.94374,0.72343,1.55483,7.29725e-05,7.29725e-05,7.29725e-05
37,1292.76,0.62646,0.39585,1.05831,0.82949,0.78788,0.84937,0.62499,1.0706,0.78124,1.68911,7.15761e-05,7.15761e-05,7.15761e-05
38,1322.32,0.63039,0.38573,1.06438,0.86073,0.78788,0.85295,0.61986,1.03242,0.71567,1.64162,7.01588e-05,7.01588e-05,7.01588e-05
39,1350.8,0.65894,0.39942,1.09495,0.84634,0.83473,0.89384,0.65131,0.93513,0.62948,1.52424,6.87222e-05,6.87222e-05,6.87222e-05
40,1380.89,0.6304,0.38317,1.06722,0.7942,0.81862,0.87638,0.66567,0.87505,0.6748,1.44971,6.72675e-05,6.72675e-05,6.72675e-05
41,1410.15,0.59757,0.38782,1.04659,0.94301,0.66667,0.86091,0.64915,0.85934,0.71026,1.44058,6.57963e-05,6.57963e-05,6.57963e-05
42,1440.23,0.63686,0.4134,1.0978,0.85043,0.72727,0.8357,0.6298,0.88156,0.76501,1.45744,6.43101e-05,6.43101e-05,6.43101e-05
43,1469.81,0.5784,0.36801,1.04556,0.88868,0.72579,0.8297,0.61774,0.89444,0.75822,1.44996,6.28101e-05,6.28101e-05,6.28101e-05
44,1530.03,0.60275,0.38582,1.07513,0.89848,0.66667,0.8348,0.66249,0.91015,0.71213,1.44665,6.12981e-05,6.12981e-05,6.12981e-05
45,1559.33,0.57973,0.36775,1.03073,0.72984,0.87879,0.86788,0.67809,0.8591,0.68661,1.3912,5.97754e-05,5.97754e-05,5.97754e-05
46,1587.66,0.5701,0.37016,1.03142,0.77918,0.87879,0.89958,0.66744,0.86582,0.64496,1.40864,5.82435e-05,5.82435e-05,5.82435e-05
47,1617.42,0.54578,0.34801,1.01778,0.84207,0.8081,0.87533,0.64911,0.87379,0.60651,1.41561,5.6704e-05,5.6704e-05,5.6704e-05
48,1647.34,0.55286,0.3627,1.01929,0.90627,0.75758,0.85769,0.6542,0.86238,0.66146,1.38968,5.51584e-05,5.51584e-05,5.51584e-05
49,1675.86,0.55718,0.35565,1.01991,0.89842,0.80433,0.86597,0.65903,0.93499,0.6166,1.43136,5.36081e-05,5.36081e-05,5.36081e-05
50,1699.74,0.59023,0.37089,1.06566,0.8737,0.83875,0.8847,0.69604,0.8744,0.56343,1.35542,5.20548e-05,5.20548e-05,5.20548e-05
51,1729.13,0.54868,0.36129,1.02531,0.8859,0.81818,0.90054,0.68944,0.92935,0.56101,1.4279,5.05e-05,5.05e-05,5.05e-05
52,1758.1,0.51705,0.33394,1.00966,0.89985,0.81687,0.89251,0.68115,0.95315,0.63256,1.46664,4.89452e-05,4.89452e-05,4.89452e-05
53,1788.88,0.51694,0.31907,0.99952,0.89577,0.81818,0.85153,0.63662,0.92481,0.64435,1.48726,4.73919e-05,4.73919e-05,4.73919e-05
54,1819.41,0.53444,0.34663,1.01429,0.84259,0.81121,0.85112,0.63667,0.91707,0.64042,1.48911,4.58416e-05,4.58416e-05,4.58416e-05
