epoch,time,train/box_loss,train/seg_loss,train/cls_loss,train/dfl_loss,train/sem_loss,metrics/precision(B),metrics/recall(B),metrics/mAP50(B),metrics/mAP50-95(B),metrics/precision(M),metrics/recall(M),metrics/mAP50(M),metrics/mAP50-95(M),val/box_loss,val/seg_loss,val/cls_loss,val/dfl_loss,val/sem_loss,lr/pg0,lr/pg1,lr/pg2
1,114.698,1.37783,2.81893,1.62812,1.23203,0,0.38127,0.35985,0.26218,0.15684,0.40903,0.2803,0.19921,0.08493,1.26327,3.05054,1.65036,1.25326,0,3.30189e-05,3.30189e-05,0.0670142
2,240.831,1.1807,2.43307,1.17557,1.10512,0,0.44646,0.41667,0.3509,0.23196,0.33595,0.29167,0.18961,0.07898,1.13441,2.60193,1.30535,1.1618,0,6.6336e-05,6.6336e-05,0.0337141
3,369.504,1.12349,2.31233,1.10424,1.07831,0,0.50167,0.36742,0.35206,0.23486,0.4261,0.37121,0.31952,0.14959,1.13733,2.25403,1.28512,1.17498,0,9.95882e-05,9.95882e-05,0.000414054
4,495.198,1.10455,2.31059,1.07987,1.06839,0,0.50908,0.38258,0.3687,0.25078,0.44339,0.33712,0.30594,0.15036,1.13635,2.15149,1.25817,1.20297,0,9.97803e-05,9.97803e-05,9.97803e-05
5,626.867,1.09626,2.28323,1.04264,1.06328,0,0.52108,0.37879,0.38692,0.25732,0.46688,0.3447,0.32998,0.16264,1.08185,2.17529,1.24636,1.1592,0,9.96097e-05,9.96097e-05,9.96097e-05
6,760.351,1.06428,2.2187,1.00729,1.05027,0,0.48246,0.41667,0.37148,0.25714,0.44718,0.39394,0.34327,0.17096,1.1272,2.01233,1.24571,1.17363,0,9.93906e-05,9.93906e-05,9.93906e-05
7,889.189,1.05925,2.1947,0.98787,1.0444,0,0.50396,0.38636,0.35612,0.24375,0.44785,0.36364,0.31671,0.16953,1.1074,2.08374,1.20739,1.19385,0,9.91232e-05,9.91232e-05,9.91232e-05
8,1008.72,1.04317,2.16885,0.97791,1.03538,0,0.52779,0.34848,0.36862,0.26455,0.53509,0.32262,0.3214,0.17526,1.06881,2.14233,1.24088,1.14656,0,9.88079e-05,9.88079e-05,9.88079e-05
9,1136.78,1.02799,2.12756,0.95269,1.0235,0,0.55157,0.35985,0.37682,0.26242,0.5105,0.32197,0.33593,0.17322,1.06643,2.00684,1.17954,1.13854,0,9.84449e-05,9.84449e-05,9.84449e-05
10,1260.18,1.0273,2.11265,0.92092,1.02841,0,0.51988,0.38636,0.35946,0.25381,0.48295,0.35985,0.32622,0.17272,1.03868,2.09473,1.28012,1.13249,0,9.80345e-05,9.80345e-05,9.80345e-05
11,1385.07,1.00195,2.08699,0.89005,1.01613,0,0.4352,0.39403,0.37322,0.25781,0.4703,0.34848,0.34301,0.17824,1.10079,2.05994,1.23561,1.17754,0,9.75773e-05,9.75773e-05,9.75773e-05
12,1504.95,0.98482,2.06117,0.87557,1.00971,0,0.50168,0.375,0.36681,0.26376,0.48075,0.35985,0.34049,0.17598,1.02886,2.08008,1.31614,1.11913,0,9.70736e-05,9.70736e-05,9.70736e-05
13,1629.36,0.98276,2.03886,0.86072,1.00347,0,0.5512,0.35606,0.36341,0.24567,0.50514,0.32094,0.30891,0.15995,1.06599,2.02881,1.24782,1.1212,0,9.65239e-05,9.65239e-05,9.65239e-05
14,1747.65,0.97243,1.98489,0.84426,0.99694,0,0.44826,0.39015,0.3608,0.24736,0.40399,0.31818,0.28649,0.14864,1.06396,2.15698,1.26261,1.1586,0,9.59289e-05,9.59289e-05,9.59289e-05
15,1872.65,0.96224,1.98811,0.824,0.99303,0,0.52071,0.36214,0.35302,0.24982,0.52603,0.32955,0.31046,0.1504,1.08499,2.1936,1.44787,1.16774,0,9.52889e-05,9.52889e-05,9.52889e-05
16,1993.39,0.94855,1.95938,0.80631,0.98723,0,0.50088,0.37879,0.37147,0.26697,0.55212,0.32576,0.34336,0.18494,1.06442,2.04895,1.25263,1.15176,0,9.46048e-05,9.46048e-05,9.46048e-05
17,2122.73,0.93899,1.94163,0.80231,0.98696,0,0.53823,0.41288,0.39771,0.27267,0.47894,0.39015,0.33857,0.18325,1.07238,2.02148,1.22664,1.18489,0,9.38772e-05,9.38772e-05,9.38772e-05
18,2255.9,0.92904,1.92035,0.78077,0.97896,0,0.49208,0.39015,0.38443,0.27075,0.50253,0.35227,0.34698,0.18987,1.04988,1.90796,1.3149,1.16319,0,9.31067e-05,9.31067e-05,9.31067e-05
19,2390.98,0.9234,1.91276,0.76463,0.97483,0,0.50536,0.37925,0.37656,0.26896,0.50031,0.37546,0.35414,0.19344,1.02062,2.05627,1.3171,1.11549,0,9.22942e-05,9.22942e-05,9.22942e-05
20,2525.55,0.91502,1.8765,0.74976,0.97371,0,0.39577,0.44318,0.36907,0.26771,0.41014,0.39773,0.34444,0.19036,1.01622,2.03979,1.35485,1.10738,0,9.14405e-05,9.14405e-05,9.14405e-05
21,2649.12,0.90334,1.83011,0.73134,0.96626,0,0.54663,0.35606,0.36388,0.26513,0.55956,0.32197,0.34263,0.18139,1.02901,2.10754,1.2941,1.11249,0,9.05463e-05,9.05463e-05,9.05463e-05
22,2767.89,0.91085,1.87015,0.72815,0.9643,0,0.43723,0.38258,0.34524,0.24655,0.41992,0.36742,0.302,0.15577,1.05009,2.05078,1.36181,1.15666,0,8.96127e-05,8.96127e-05,8.96127e-05
23,2886.85,0.89733,1.85012,0.72243,0.96425,0,0.47626,0.37546,0.37526,0.26951,0.44445,0.35227,0.32392,0.17724,1.04687,2.04529,1.24305,1.11203,0,8.86404e-05,8.86404e-05,8.86404e-05
24,3011.76,0.87546,1.79239,0.68849,0.95115,0,0.48754,0.39015,0.35943,0.25291,0.45865,0.36585,0.31287,0.17237,1.04659,2.01416,1.36289,1.11668,0,8.76305e-05,8.76305e-05,8.76305e-05
25,3134.61,0.87202,1.77484,0.68366,0.95094,0,0.52832,0.35985,0.3401,0.23933,0.50461,0.3447,0.29928,0.16635,1.04332,1.99768,1.37896,1.14311,0,8.65839e-05,8.65839e-05,8.65839e-05
26,3259.4,0.86545,1.75866,0.66542,0.94379,0,0.50088,0.375,0.36265,0.2491,0.46387,0.34848,0.31448,0.16463,1.0383,2.0105,1.34052,1.178,0,8.55018e-05,8.55018e-05,8.55018e-05
27,3384.55,0.87067,1.76953,0.66965,0.94484,0,0.50431,0.375,0.36732,0.25691,0.47508,0.34848,0.32071,0.16827,1.06745,2.11487,1.32805,1.16538,0,8.43851e-05,8.43851e-05,8.43851e-05
28,3510.08,0.8678,1.77012,0.6603,0.95094,0,0.48955,0.38636,0.35524,0.25232,0.44277,0.375,0.30483,0.16662,1.06066,2.12036,1.3545,1.14173,0,8.32349e-05,8.32349e-05,8.32349e-05
29,3634.3,0.86601,1.75227,0.65505,0.94792,0,0.41619,0.4053,0.35227,0.24802,0.53551,0.32576,0.33724,0.17356,1.11943,2.10205,1.37044,1.16013,0,8.20525e-05,8.20525e-05,8.20525e-05
30,3754.72,0.84945,1.74382,0.64431,0.94309,0,0.4529,0.39773,0.34235,0.24081,0.40685,0.37413,0.29389,0.16135,1.00965,2.07458,1.4024,1.09722,0,8.08389e-05,8.08389e-05,8.08389e-05
31,3878.35,0.84911,1.72712,0.63635,0.94211,0,0.48099,0.35985,0.32543,0.23676,0.45586,0.35542,0.29113,0.15382,1.02027,1.97937,1.43551,1.10877,0,7.95954e-05,7.95954e-05,7.95954e-05
32,3997.24,0.82882,1.69249,0.61635,0.9314,0,0.43958,0.37121,0.34034,0.24009,0.43171,0.35985,0.31095,0.14804,1.04726,2.11853,1.46769,1.12344,0,7.83231e-05,7.83231e-05,7.83231e-05
33,4122.44,0.82904,1.68139,0.60007,0.93309,0,0.51285,0.38258,0.36646,0.26875,0.44386,0.393,0.32915,0.17208,1.0634,2.17346,1.3167,1.11233,0,7.70234e-05,7.70234e-05,7.70234e-05
34,4245.88,0.83239,1.68275,0.60368,0.93147,0,0.46051,0.39394,0.36636,0.27469,0.46013,0.37879,0.33906,0.18629,1.03043,2.0874,1.43988,1.11989,0,7.56976e-05,7.56976e-05,7.56976e-05
35,4364.51,0.81517,1.66354,0.58221,0.92596,0,0.55231,0.36917,0.36552,0.267,0.52993,0.35443,0.33419,0.18278,1.01904,2.07275,1.34298,1.11685,0,7.43468e-05,7.43468e-05,7.43468e-05
36,4483.92,0.80652,1.64331,0.57541,0.92454,0,0.43119,0.4053,0.33286,0.24181,0.40283,0.37561,0.28631,0.16115,0.997,2.18262,1.4089,1.0896,0,7.29725e-05,7.29725e-05,7.29725e-05
37,4608.32,0.80966,1.64285,0.5773,0.92118,0,0.57695,0.35227,0.34904,0.2463,0.56746,0.34848,0.32731,0.17943,1.06778,2.17529,1.43341,1.14938,0,7.15761e-05,7.15761e-05,7.15761e-05
38,4727.16,0.80621,1.63584,0.57269,0.92327,0,0.59538,0.33712,0.34818,0.2501,0.5751,0.31439,0.31202,0.17583,1.07092,2.19543,1.45531,1.15459,0,7.01588e-05,7.01588e-05,7.01588e-05
39,4845.82,0.80283,1.6238,0.5662,0.92413,0,0.60335,0.36876,0.36611,0.26282,0.55959,0.35615,0.33577,0.18576,1.03648,2.13135,1.35391,1.13541,0,6.87222e-05,6.87222e-05,6.87222e-05
40,4971.03,0.78801,1.61849,0.55771,0.91497,0,0.48644,0.39015,0.35348,0.25018,0.46789,0.375,0.3236,0.17145,1.05144,2.07458,1.3571,1.14954,0,6.72675e-05,6.72675e-05,6.72675e-05
41,5095.41,0.79398,1.61971,0.55358,0.91483,0,0.48845,0.39773,0.36846,0.25751,0.47979,0.39128,0.34143,0.18195,1.0837,2.10938,1.41899,1.1459,0,6.57963e-05,6.57963e-05,6.57963e-05
42,5220.69,0.78354,1.59345,0.53793,0.91429,0,0.55938,0.34091,0.36308,0.26537,0.55938,0.34091,0.35976,0.19462,1.05699,2.07458,1.41435,1.15373,0,6.43101e-05,6.43101e-05,6.43101e-05
43,5346.14,0.77616,1.57251,0.53315,0.9119,0,0.64225,0.33333,0.34995,0.26158,0.64225,0.33333,0.34285,0.18775,1.03819,2.13501,1.44594,1.14347,0,6.28101e-05,6.28101e-05,6.28101e-05
44,5471.24,0.78558,1.6057,0.54161,0.91641,0,0.51551,0.37121,0.36564,0.2611,0.51568,0.37508,0.35172,0.18648,1.1017,2.09656,1.38143,1.19158,0,6.12981e-05,6.12981e-05,6.12981e-05
45,5593.69,0.76983,1.59304,0.53145,0.90661,0,0.48468,0.375,0.35036,0.24978,0.48818,0.33333,0.32995,0.17763,1.10997,2.13135,1.47953,1.17353,0,5.97754e-05,5.97754e-05,5.97754e-05
46,5715.18,0.76954,1.58052,0.52468,0.90988,0,0.48083,0.40345,0.36056,0.25935,0.44001,0.36742,0.30534,0.15976,1.05307,2.12219,1.4273,1.16142,0,5.82435e-05,5.82435e-05,5.82435e-05
47,5839.77,0.76349,1.5668,0.52741,0.90832,0,0.54396,0.37048,0.36736,0.26518,0.53238,0.36225,0.32944,0.17475,1.04835,2.03979,1.37814,1.14608,0,5.6704e-05,5.6704e-05,5.6704e-05
48,5964.82,0.75923,1.54293,0.5046,0.90124,0,0.44571,0.4053,0.34583,0.2434,0.42898,0.36364,0.30921,0.16172,1.11483,2.19177,1.55914,1.20333,0,5.51584e-05,5.51584e-05,5.51584e-05
49,6089.2,0.74774,1.54823,0.51032,0.90418,0,0.50067,0.38361,0.34875,0.26329,0.57455,0.33712,0.3241,0.17417,1.0256,2.14417,1.43246,1.12789,0,5.36081e-05,5.36081e-05,5.36081e-05
